RESIDUE_ID, VDW, ELE, GB, SA, TOTAL
lig-rec, -95.79, 208.11, -148.44, -10.90, -47.03
R-E-THR-333,0.00, 11.54, -11.40, 0.00, 0.15
R-E-ASN-334,0.00, 0.14, -0.13, 0.00, 0.00
R-E-LEU-335,0.00, -0.02, 0.02, 0.00, 0.00
R-E-CYS-336,0.00, 0.16, -0.16, 0.00, 0.00
R-E-PRO-337,-0.00, -0.19, 0.19, 0.00, -0.00
R-E-PHE-338,-0.00, -0.40, 0.39, 0.00, -0.01
R-E-GLY-339,0.00, -0.40, 0.39, 0.00, -0.00
R-E-GLU-340,0.00, -18.10, 17.87, 0.00, -0.23
R-E-VAL-341,-0.00, -0.55, 0.55, 0.00, -0.00
R-E-PHE-342,-0.00, -0.49, 0.49, 0.00, -0.01
R-E-ASN-343,-0.00, -0.41, 0.40, 0.00, -0.00
R-E-ALA-344,-0.00, -0.11, 0.11, 0.00, 0.00
R-E-THR-345,-0.00, -0.45, 0.46, 0.00, 0.01
R-E-ARG-346,-0.02, 37.27, -36.67, 0.00, 0.58
R-E-PHE-347,-0.01, -0.87, 0.88, 0.00, 0.01
R-E-ALA-348,-0.01, 0.15, -0.11, 0.00, 0.03
R-E-SER-349,-0.02, 1.04, -0.96, 0.00, 0.06
R-E-VAL-350,-0.02, 0.94, -0.87, 0.00, 0.04
R-E-TYR-351,-0.05, 1.59, -1.53, 0.00, 0.02
R-E-ALA-352,-0.01, 0.30, -0.28, 0.00, 0.01
R-E-TRP-353,-0.01, 0.43, -0.42, 0.00, -0.00
R-E-ASN-354,-0.00, 0.50, -0.48, 0.00, 0.01
R-E-ARG-355,-0.00, 18.08, -17.85, 0.00, 0.23
R-E-LYS-356,-0.00, 18.59, -18.36, 0.00, 0.23
R-E-ARG-357,0.00, 14.12, -13.95, 0.00, 0.18
R-E-ILE-358,-0.00, 0.00, 0.00, 0.00, -0.00
R-E-SER-359,0.00, -0.26, 0.26, 0.00, -0.00
R-E-ASN-360,0.00, 0.13, -0.13, 0.00, 0.00
R-E-CYS-361,0.00, 0.12, -0.12, 0.00, 0.00
R-E-VAL-362,0.00, -0.07, 0.07, 0.00, -0.00
R-E-ALA-363,0.00, 0.08, -0.08, 0.00, 0.00
R-E-ASP-364,0.00, -13.30, 13.13, 0.00, -0.17
R-E-TYR-365,0.00, -0.09, 0.08, 0.00, -0.00
R-E-SER-366,0.00, -0.29, 0.28, 0.00, -0.00
R-E-VAL-367,0.00, -0.16, 0.16, 0.00, -0.00
R-E-LEU-368,0.00, -0.15, 0.15, 0.00, -0.00
R-E-TYR-369,-0.00, -0.16, 0.16, 0.00, -0.00
R-E-ASN-370,-0.00, -0.16, 0.16, 0.00, -0.00
R-E-SER-371,0.00, 0.07, -0.07, 0.00, 0.00
R-E-ALA-372,0.00, -0.16, 0.15, 0.00, -0.00
R-E-SER-373,0.00, -0.23, 0.24, 0.00, 0.00
R-E-PHE-374,-0.00, 0.26, -0.25, 0.00, 0.00
R-E-SER-375,-0.00, 0.42, -0.41, 0.00, 0.01
R-E-THR-376,-0.00, -0.07, 0.08, 0.00, 0.01
R-E-PHE-377,-0.00, -0.01, 0.01, 0.00, -0.00
R-E-LYS-378,-0.00, 18.11, -17.88, 0.00, 0.23
R-E-CYS-379,0.00, -0.22, 0.21, 0.00, -0.00
R-E-TYR-380,0.00, 0.12, -0.12, 0.00, 0.00
R-E-GLY-381,0.00, 0.12, -0.12, 0.00, 0.00
R-E-VAL-382,0.00, -0.21, 0.21, 0.00, -0.00
R-E-SER-383,0.00, 0.12, -0.12, 0.00, 0.00
R-E-PRO-384,0.00, 0.18, -0.17, 0.00, 0.00
R-E-THR-385,0.00, 0.03, -0.03, 0.00, -0.00
R-E-LYS-386,0.00, 11.95, -11.80, 0.00, 0.15
R-E-LEU-387,0.00, 0.21, -0.21, 0.00, 0.00
R-E-ASN-388,-0.00, -0.11, 0.11, 0.00, -0.00
R-E-ASP-389,0.00, -11.54, 11.39, 0.00, -0.14
R-E-LEU-390,0.00, -0.02, 0.02, 0.00, -0.00
R-E-CYS-391,0.00, 0.02, -0.02, 0.00, 0.00
R-E-PHE-392,0.00, 0.09, -0.09, 0.00, 0.00
R-E-THR-393,0.00, 0.04, -0.04, 0.00, 0.00
R-E-ASN-394,0.00, 0.19, -0.18, 0.00, 0.00
R-E-VAL-395,-0.00, 0.16, -0.16, 0.00, 0.00
R-E-TYR-396,0.00, 0.11, -0.11, 0.00, 0.00
R-E-ALA-397,-0.00, -0.21, 0.21, 0.00, -0.00
R-E-ASP-398,-0.00, -19.37, 19.13, 0.00, -0.24
R-E-SER-399,-0.00, -0.07, 0.08, 0.00, 0.01
R-E-PHE-400,-0.01, 0.80, -0.77, 0.00, 0.02
R-E-VAL-401,-0.03, 0.05, 0.01, 0.00, 0.02
R-E-ILE-402,-0.06, 0.20, -0.17, 0.00, -0.03
R-E-ARG-403,-1.66, 43.41, -41.73, -0.17, -0.15
R-E-GLY-404,-0.03, 0.68, -0.62, 0.00, 0.03
R-E-ASP-405,-0.08, -33.60, 33.50, 0.00, -0.19
R-E-GLU-406,-0.11, -35.76, 35.78, 0.00, -0.09
R-E-VAL-407,-0.01, 0.32, -0.30, 0.00, 0.01
R-E-ARG-408,-0.02, 28.00, -27.57, 0.00, 0.42
R-E-GLN-409,-0.02, 1.18, -1.13, 0.00, 0.04
R-E-ILE-410,-0.00, 0.24, -0.23, 0.00, 0.00
R-E-ALA-411,-0.00, -0.41, 0.41, 0.00, -0.00
R-E-PRO-412,-0.00, -0.40, 0.39, 0.00, -0.01
R-E-GLY-413,-0.00, -0.02, 0.03, 0.00, 0.01
R-E-GLN-414,-0.00, -0.10, 0.12, 0.00, 0.02
R-E-THR-415,-0.01, -0.03, 0.07, 0.00, 0.03
R-E-GLY-416,-0.01, 1.17, -1.10, 0.00, 0.06
R-E-LYS-417,-0.20, 33.82, -32.52, 0.00, 1.11
R-E-ILE-418,-0.04, 0.30, -0.33, 0.00, -0.07
R-E-ALA-419,-0.01, 0.40, -0.38, 0.00, 0.01
R-E-ASP-420,-0.02, -24.35, 24.14, 0.00, -0.23
R-E-TYR-421,-0.05, -0.12, 0.19, 0.00, 0.01
R-E-ASN-422,-0.03, -0.36, 0.38, 0.00, -0.00
R-E-TYR-423,-0.01, -0.25, 0.25, 0.00, -0.00
R-E-LYS-424,-0.00, 20.03, -19.75, 0.00, 0.28
R-E-LEU-425,-0.00, -0.22, 0.22, 0.00, -0.00
R-E-PRO-426,0.00, -0.29, 0.29, 0.00, -0.01
R-E-ASP-427,0.00, -16.72, 16.51, 0.00, -0.21
R-E-ASP-428,0.00, -14.78, 14.59, 0.00, -0.19
R-E-PHE-429,-0.00, 0.23, -0.23, 0.00, 0.00
R-E-THR-430,-0.00, 0.06, -0.06, 0.00, 0.00
R-E-GLY-431,0.00, 0.27, -0.26, 0.00, 0.00
R-E-CYS-432,0.00, 0.04, -0.04, 0.00, 0.00
R-E-VAL-433,-0.00, 0.34, -0.33, 0.00, 0.00
R-E-ILE-434,-0.00, -0.18, 0.18, 0.00, -0.00
R-E-ALA-435,-0.00, 0.56, -0.54, 0.00, 0.01
R-E-TRP-436,-0.01, -0.17, 0.17, 0.00, -0.00
R-E-ASN-437,-0.01, 0.49, -0.45, 0.00, 0.03
R-E-SER-438,-0.01, -0.09, 0.11, 0.00, 0.01
R-E-ASN-439,-0.03, -1.31, 1.34, 0.00, 0.01
R-E-ASN-440,-0.00, -0.58, 0.59, 0.00, 0.01
R-E-LEU-441,-0.01, -0.31, 0.34, 0.00, 0.03
R-E-ASP-442,-0.03, -31.53, 31.21, 0.00, -0.35
R-E-SER-443,-0.04, 1.33, -1.12, 0.00, 0.17
R-E-LYS-444,-0.10, 45.72, -44.80, 0.00, 0.82
R-E-VAL-445,-0.08, -0.88, 1.08, 0.00, 0.12
R-E-GLY-446,-0.59, 0.18, 0.63, -0.15, 0.06
R-E-GLY-447,-0.29, -2.59, 2.94, -0.01, 0.05
R-E-ASN-448,-0.21, -1.33, 1.75, 0.00, 0.21
R-E-TYR-449,-3.44, -4.50, 5.42, -0.67, -3.19
R-E-ASN-450,-0.11, -2.19, 2.38, 0.00, 0.08
R-E-TYR-451,-0.14, -1.97, 2.00, 0.00, -0.11
R-E-LEU-452,-0.37, 1.48, -1.29, -0.09, -0.27
R-E-TYR-453,-1.05, -0.75, 1.40, -0.20, -0.61
R-E-ARG-454,-0.12, 27.90, -27.18, 0.00, 0.59
R-E-LEU-455,-1.37, 0.38, -0.09, -0.24, -1.32
R-E-PHE-456,-1.38, -0.83, 1.17, -0.23, -1.27
R-E-ARG-457,-0.03, 21.28, -20.90, 0.00, 0.34
R-E-LYS-458,-0.01, 17.75, -17.44, 0.00, 0.30
R-E-SER-459,-0.00, -0.41, 0.42, 0.00, 0.00
R-E-ASN-460,-0.01, 0.47, -0.42, 0.00, 0.04
R-E-LEU-461,-0.01, 0.23, -0.21, 0.00, 0.01
R-E-LYS-462,-0.00, 15.46, -15.26, 0.00, 0.19
R-E-PRO-463,-0.00, 0.13, -0.13, 0.00, 0.00
R-E-PHE-464,-0.00, 0.23, -0.22, 0.00, 0.00
R-E-GLU-465,-0.00, -19.80, 19.57, 0.00, -0.23
R-E-ARG-466,-0.00, 22.96, -22.63, 0.00, 0.32
R-E-ASP-467,-0.01, -24.21, 23.93, 0.00, -0.29
R-E-ILE-468,-0.01, -0.94, 0.96, 0.00, 0.01
R-E-SER-469,-0.01, -0.66, 0.69, 0.00, 0.02
R-E-THR-470,-0.03, 0.15, -0.04, 0.00, 0.08
R-E-GLU-471,-0.03, -21.69, 21.52, 0.00, -0.20
R-E-ILE-472,-0.12, 0.84, -0.79, 0.00, -0.07
R-E-TYR-473,-0.24, 0.30, -0.14, 0.00, -0.08
R-E-GLN-474,-0.07, -1.04, 1.18, 0.00, 0.07
R-E-ALA-475,-0.25, -0.26, 0.44, -0.02, -0.09
R-E-GLY-476,-0.04, -0.45, 0.50, 0.00, 0.00
R-E-SER-477,-0.01, -0.22, 0.24, 0.00, 0.01
R-E-THR-478,-0.03, -0.48, 0.59, 0.00, 0.08
R-E-PRO-479,-0.02, 0.66, -0.60, 0.00, 0.04
R-E-CYS-480,-0.04, 0.38, -0.28, 0.00, 0.05
R-E-ASN-481,-0.02, 0.31, -0.23, 0.00, 0.07
R-E-GLY-482,-0.02, -1.20, 1.29, 0.00, 0.08
R-E-VAL-483,-0.16, 1.32, -1.03, 0.00, 0.13
R-E-GLY-484,-0.94, 0.05, 0.73, -0.21, -0.37
R-E-GLY-485,-2.55, -3.20, 3.55, -0.26, -2.46
R-E-PHE-486,-2.25, -2.57, 2.20, -0.32, -2.94
R-E-ASN-487,-1.75, -1.66, 2.15, -0.22, -1.48
R-E-CYS-488,-0.67, 1.41, -1.06, 0.00, -0.31
R-E-TYR-489,-3.91, 0.17, 1.18, -0.55, -3.11
R-E-PHE-490,-1.33, 0.69, 0.09, -0.16, -0.72
R-E-PRO-491,-0.32, 0.08, 0.06, -0.00, -0.18
R-E-LEU-492,-0.62, -0.98, 1.76, -0.04, 0.12
R-E-GLN-493,-3.97, 1.69, 1.95, -0.46, -0.79
R-E-SER-494,-2.43, 2.23, 0.21, -0.32, -0.32
R-E-TYR-495,-1.73, -1.26, 1.83, -0.02, -1.18
R-E-GLY-496,-2.41, -0.88, 2.11, -0.27, -1.45
R-E-PHE-497,-1.21, 0.25, -0.29, -0.01, -1.25
R-E-GLN-498,-2.10, -0.51, 2.90, -0.25, 0.04
R-E-PRO-499,-0.10, 0.59, -0.56, 0.00, -0.06
R-E-THR-500,-0.83, -0.10, 1.03, -0.23, -0.14
R-E-ASN-501,-1.73, -2.97, 4.05, -0.17, -0.83
R-E-GLY-502,-0.13, -0.77, 0.79, -0.01, -0.12
R-E-VAL-503,-0.04, -0.38, 0.40, 0.00, -0.02
R-E-GLY-504,-0.10, -0.02, 0.02, 0.00, -0.10
R-E-TYR-505,-3.30, -0.94, 1.88, -0.48, -2.84
R-E-GLN-506,-0.19, 1.12, -0.90, 0.00, 0.03
R-E-PRO-507,-0.09, 0.47, -0.48, 0.00, -0.09
R-E-TYR-508,-0.03, -0.20, 0.21, 0.00, -0.02
R-E-ARG-509,-0.01, 26.77, -26.41, 0.00, 0.35
R-E-VAL-510,-0.00, -0.33, 0.33, 0.00, -0.01
R-E-VAL-511,-0.00, -0.21, 0.21, 0.00, -0.00
R-E-VAL-512,-0.00, -0.09, 0.09, 0.00, -0.00
R-E-LEU-513,0.00, -0.04, 0.04, 0.00, -0.00
R-E-SER-514,0.00, -0.07, 0.07, 0.00, -0.00
R-E-PHE-515,-0.00, -0.21, 0.20, 0.00, -0.00
R-E-GLU-516,0.00, -14.27, 14.09, 0.00, -0.18
R-E-LEU-517,0.00, -0.16, 0.15, 0.00, -0.00
R-E-LEU-518,0.00, 0.02, -0.02, 0.00, -0.00
R-E-HIE-519,0.00, 0.17, -0.17, 0.00, 0.00
R-E-ALA-520,0.00, 0.05, -0.05, 0.00, 0.00
R-E-PRO-521,0.00, -0.20, 0.20, 0.00, -0.00
R-E-ALA-522,0.00, 0.03, -0.03, 0.00, 0.00
R-E-THR-523,0.00, -0.05, 0.05, 0.00, 0.00
R-E-VAL-524,0.00, 0.11, -0.10, 0.00, 0.00
R-E-CYS-525,0.00, -0.22, 0.22, 0.00, -0.00
R-E-GLY-526,0.00, -12.13, 11.98, 0.00, -0.15
L-A-ALA-1,-0.14, 27.57, -25.36, 0.00, 2.07
L-A-LEU-2,-0.18, -0.25, 0.34, 0.00, -0.10
L-A-TRP-3,-4.73, 0.34, 2.82, -0.51, -2.09
L-A-LYS-4,-1.30, 34.45, -32.21, -0.31, 0.62
L-A-THR-5,-0.18, -0.56, 0.81, 0.00, 0.07
L-A-LEU-6,-0.23, 0.45, -0.28, 0.00, -0.06
L-A-LEU-7,-3.33, -1.54, 1.12, -0.36, -4.11
L-A-LYS-8,-2.21, 34.50, -32.85, -0.39, -0.95
L-A-GLY-9,-0.19, 0.25, 0.03, 0.00, 0.09
L-A-ALA-10,-0.28, 1.04, -0.67, 0.00, 0.09
L-A-GLY-11,-1.90, -2.42, 3.36, -0.23, -1.19
L-A-LYS-12,-3.91, 24.00, -20.20, -0.66, -0.77
L-A-VAL-13,-1.07, 0.50, 0.72, -0.09, 0.05
L-A-PHE-14,-7.71, -0.33, 1.81, -1.14, -7.37
L-A-GLY-15,-0.54, 0.24, 0.00, -0.13, -0.42
L-A-HIE-16,-0.29, -0.27, 0.70, -0.03, 0.11
L-A-VAL-17,-0.37, 0.97, -0.52, 0.00, 0.07
L-A-ALA-18,-1.18, 0.87, -0.55, -0.25, -1.12
L-A-LYS-19,-0.43, 33.51, -32.27, -0.02, 0.79
L-A-GLN-20,-0.16, -0.35, 0.72, 0.00, 0.21
L-A-PHE-21,-2.15, 1.00, 0.09, -0.27, -1.34
L-A-LEU-22,-4.82, 0.69, 0.23, -0.81, -4.71
L-A-GLY-23,-0.97, -0.28, 1.58, -0.19, 0.15
L-A-SER-24,-0.99, 0.43, 0.55, -0.17, -0.18
L-A-GLN-25,-2.08, -2.38, 3.25, -0.35, -1.56
L-A-GLY-26,-2.29, -0.50, 1.56, -0.27, -1.50
L-A-GLN-27,-2.64, -2.26, 3.83, -0.28, -1.35
L-A-PRO-28,-1.47, 0.59, -0.38, -0.22, -1.47
L-A-GLU-29,-0.08, -25.17, 25.17, 0.00, -0.09
L-A-SER-30,-0.05, -21.00, 21.10, 0.00, 0.05
